{
 "intercept": 0.16387317370674284,
 "home": 0.2698474184132589,
 "rho": -0.03876114484218984,
 "att": {
  "Mexico": 0.5212168337958107,
  "South Korea": 0.5555324899939083,
  "Czechia": 0.3845537146281069,
  "South Africa": 0.13742436602199898,
  "Switzerland": 0.5849319265274999,
  "Canada": 0.49136237529837107,
  "Qatar": 0.2752360148500706,
  "Bosnia-Herzegovina": 0.0238406545002547,
  "Brazil": 0.8974339245549059,
  "Morocco": 0.5534417406529005,
  "Scotland": 0.28655999518413133,
  "Haiti": 0.49071413281208015,
  "Turkiye": 0.5018199929499781,
  "Paraguay": 0.23648120050764115,
  "Australia": 0.5539852264865769,
  "USA": 0.5452797362703014,
  "Ecuador": 0.34532665649584565,
  "Germany": 0.7891654807128899,
  "Ivory Coast": 0.40761529796899254,
  "Curacao": 0.1663672565671015,
  "Netherlands": 0.7469086894591925,
  "Japan": 0.7784683346368082,
  "Sweden": 0.4679283392694728,
  "Tunisia": 0.27845968188291387,
  "Belgium": 0.7073864341377766,
  "Iran": 0.6396868642435398,
  "Egypt": 0.3116029048943459,
  "New Zealand": 0.4364700810391454,
  "Spain": 0.8941622274710339,
  "Uruguay": 0.4670151749353996,
  "Cape Verde": 0.16162454179489405,
  "Saudi Arabia": 0.16990801484821735,
  "France": 0.7426170291976913,
  "Norway": 0.6015857646726857,
  "Senegal": 0.5761670073092793,
  "Iraq": 0.1650870086573294,
  "Argentina": 0.864346244706526,
  "Austria": 0.4622196173708398,
  "Algeria": 0.6623924931720525,
  "Jordan": 0.40216728440816607,
  "Portugal": 0.7862543369212976,
  "Colombia": 0.7535758268014896,
  "Uzbekistan": 0.30740044664701144,
  "DR Congo": 0.14410366011501952,
  "England": 0.6770495282360113,
  "Croatia": 0.5209824455841108,
  "Panama": 0.3847595579060468,
  "Ghana": 0.1864125049438155
 },
 "dfn": {
  "Mexico": -0.6401191898400146,
  "South Korea": -0.5051218059189896,
  "Czechia": -0.2817213622839327,
  "South Africa": -0.39292166977861076,
  "Switzerland": -0.4809326511306441,
  "Canada": -0.5900872609626895,
  "Qatar": -0.08159837594614722,
  "Bosnia-Herzegovina": -0.14966953158702173,
  "Brazil": -0.7820290107234621,
  "Morocco": -0.9498723042022748,
  "Scotland": -0.3024225622315875,
  "Haiti": -0.16608658398537782,
  "Turkiye": -0.2902916410181614,
  "Paraguay": -0.564929865307666,
  "Australia": -0.6438339139098057,
  "USA": -0.43957167595379604,
  "Ecuador": -0.8195069921729593,
  "Germany": -0.4757726325314638,
  "Ivory Coast": -0.6115489436093655,
  "Curacao": -0.07283570967891735,
  "Netherlands": -0.5531192613150179,
  "Japan": -0.7242076545717836,
  "Sweden": -0.2504561566542358,
  "Tunisia": -0.6408709304089629,
  "Belgium": -0.5750316187891927,
  "Iran": -0.6407832896402869,
  "Egypt": -0.6469420361241001,
  "New Zealand": -0.334280403979633,
  "Spain": -0.7785413324732253,
  "Uruguay": -0.7967515394529134,
  "Cape Verde": -0.33208567117535315,
  "Saudi Arabia": -0.40458890412032705,
  "France": -0.6851170387643584,
  "Norway": -0.44972375120957586,
  "Senegal": -0.6596216215796001,
  "Iraq": -0.4909238793952855,
  "Argentina": -0.9983472579137269,
  "Austria": -0.5042831271570705,
  "Algeria": -0.5687358102674487,
  "Jordan": -0.240293290722068,
  "Portugal": -0.68299090824443,
  "Colombia": -0.7210636468452493,
  "Uzbekistan": -0.5856951226776341,
  "DR Congo": -0.5877939686983177,
  "England": -0.8101588995441932,
  "Croatia": -0.5428475976917305,
  "Panama": -0.24074603230352468,
  "Ghana": -0.29745943521473056
 },
 "c": 0.0051855100098152345,
 "total": 2.7283981969398767,
 "alpha": 0.5,
 "elo": {
  "Mexico": 1875,
  "South Korea": 1758,
  "Czechia": 1740,
  "South Africa": 1518,
  "Switzerland": 1894,
  "Canada": 1793,
  "Qatar": 1423,
  "Bosnia-Herzegovina": 1591,
  "Brazil": 1988,
  "Morocco": 1824,
  "Scotland": 1770,
  "Haiti": 1554,
  "Turkiye": 1906,
  "Paraguay": 1833,
  "Australia": 1774,
  "USA": 1733,
  "Ecuador": 1935,
  "Germany": 1925,
  "Ivory Coast": 1695,
  "Curacao": 1433,
  "Netherlands": 1944,
  "Japan": 1906,
  "Sweden": 1712,
  "Tunisia": 1633,
  "Belgium": 1888,
  "Iran": 1772,
  "Egypt": 1699,
  "New Zealand": 1563,
  "Spain": 2155,
  "Uruguay": 1892,
  "Cape Verde": 1576,
  "Saudi Arabia": 1566,
  "France": 2062,
  "Norway": 1917,
  "Senegal": 1867,
  "Iraq": 1618,
  "Argentina": 2113,
  "Austria": 1830,
  "Algeria": 1760,
  "Jordan": 1685,
  "Portugal": 1984,
  "Colombia": 1977,
  "Uzbekistan": 1718,
  "DR Congo": 1661,
  "England": 2020,
  "Croatia": 1908,
  "Panama": 1734,
  "Ghana": 1510
 },
 "meta": {
  "dc_matches": 15751,
  "note": "hybrid: lambda = alpha*DC + (1-alpha)*Elo; alpha chosen OOS"
 }
}